Feature,min,max,mean,median,sd
Age,10,70,29.87179487179487,26,13.474385532634383
SystolicBP,70,160,113.19822485207101,120,18.403912756342805
DiastolicBP,49,100,76.46055226824458,80,13.885795724160682
BS,6,19,8.725986193293885,7.5,3.2935317211512714
BodyTemp,98,103,98.66508875739645,98,1.3713843755995325
HeartRate,7,90,74.30177514792899,76,8.08870227211533
