Feature,min,max,mean,median,sd
Age,10,70,29.19469026548673,25,13.767379039761817
SystolicBP,70,160,110.55309734513273,120,17.87228190387841
DiastolicBP,49,100,75.41814159292036,80,13.754577648723465
BS,6,19,8.346172566371681,7.5,2.8292090197565654
BodyTemp,98,103,98.6924778761062,98,1.4108971095056666
HeartRate,7,90,73.94911504424779,76,8.156972945942481
