Feature,min,max,mean,median,sd
Age,10,70,29.871794871794872,26,13.474385532634372
SystolicBP,70,160,113.19822485207101,120,18.403912756342706
DiastolicBP,49,100,76.46055226824457,80,13.885795724160687
BS,6,19,8.725986193293886,7.5,3.293531721151281
BodyTemp,98,103,98.66508875739645,98,1.3713843755995376
HeartRate,7,90,74.30177514792899,76,8.08870227211533
